"(Intercept)","Depth","temperature"
7.40145459491047,-0.764267704968895,0.0104003097853554
7.35269452861853,-0.726865866018464,0.00788889591126266
7.40004869220136,-0.779859094486182,0.00984278714461777
7.35813928145279,-0.726558379031012,0.00769820233942308
7.44705091132038,-0.787071385754499,0.00951961961468525
7.36266268339744,-0.721748137888859,0.00684694080188662
7.37181019516633,-0.732340145068149,0.00906519887227378
7.40598894670616,-0.752455466101647,0.00858020934837591
7.39301915837021,-0.747175434405276,0.00776475113718757
7.3695452610428,-0.721038183652842,0.00594570199524928
7.38788032934453,-0.779417574240669,0.0122274577320358
7.36830803357911,-0.736930728724225,0.00864298333721719
7.41497994008131,-0.753016347528618,0.0076094734579631
7.37437077982691,-0.735186065414894,0.00612156166897742
7.38997445384297,-0.710123566950147,0.00755968328479017
7.41252511699462,-0.735693857177355,0.00647589845418445
7.4128138876339,-0.790614956869524,0.0120886998674044
7.37801320149107,-0.766223638270029,0.0119927748495473
7.45034040227309,-0.785289191156045,0.00964482182560376
7.3862529293716,-0.759724130202642,0.00880808876544512
7.37577952927842,-0.767382232193741,0.0106719200847303
7.36431876467894,-0.711897001079093,0.00602449532620362
7.44401427855391,-0.764721557517036,0.00838723386071905
7.41773872232995,-0.743567223245814,0.00677686909748999
7.39415652377285,-0.772785251361041,0.0114108821303276
7.37067283599128,-0.740135839324896,0.00958394300030804
7.27713853995022,-0.60622114701076,0
7.4653243702107,-0.770447013049519,0.00662541531565142
7.37574215237694,-0.722019248845677,0.00870214076709852
7.38688747597777,-0.75533596816864,0.00871799182047355
7.39809133197881,-0.728577713664702,0.00721939017790611
7.39445114571367,-0.741639744332381,0.00899249619066401
7.40099589653555,-0.765487926458384,0.0107101199964205
7.42316068669227,-0.749424740372438,0.00627590779737547
7.36017188836109,-0.713311696574917,0.00802794983359144
7.29131192201775,-0.669856381206518,0.00719122461145796
7.39479701437721,-0.726286534448107,0.00782239679641052
7.37257296381479,-0.756629047680847,0.00838778592080281
7.37873953861317,-0.733946853567652,0.00854436789333601
7.38900085267505,-0.758727497577668,0.00938191835758076
7.34561483668474,-0.742868394160646,0.00914584259526566
7.39687410868793,-0.709183926020673,0.00543960021135354
7.36002346604694,-0.727164843016685,0.00748763762828172
7.37548615729444,-0.724321160089295,0.00664353245990827
7.2968652580896,-0.695708148545796,0.00814818062707526
7.29175681928479,-0.692928578447876,0.00841547492106936
7.34040822819718,-0.758183628921668,0.010436950002889
7.38670182001154,-0.732734860789596,0.00727480165025775
7.43989186523105,-0.821459330004691,0.0108554649372683
7.36942151587835,-0.703953498648188,0.00687088336206559
7.42676590683551,-0.775387162135996,0.00879675280571974
7.41675679060936,-0.777521723971324,0.0111160453635268
7.39093656535514,-0.770622031015871,0.00888451192381496
7.32295496532073,-0.680620520090749,0.00660368066172032
7.3059495053949,-0.768668954789263,0.0127679699054764
7.38325978722261,-0.724884237748228,0.00597906621942604
7.36857404073146,-0.758150686509276,0.00956549351290051
7.30994606724406,-0.733586125912254,0.00959382618201577
7.3710927207529,-0.728204032108284,0.00778318619208374
7.37858019465692,-0.742726583997771,0.00758763183337955
7.4585381676722,-0.76557008061757,0.00727953551994358
7.42865347187921,-0.793528807057357,0.0115615143039843
7.46659089827491,-0.820419953507987,0.0107092209587529
7.3844698556743,-0.763767728646363,0.00977300725771734
7.39647978496083,-0.711674543501271,0.00755292473286642
7.30920238507832,-0.738891289506241,0.00897375612664144
7.34248487807047,-0.757247656238805,0.0117200670178126
7.40803970132775,-0.788045243483403,0.0109239054144864
7.37075306922299,-0.735743116944519,0.0087980048147144
7.3897808726866,-0.767337964500637,0.0109036773820907
7.33935455607457,-0.704638301057773,0.0082445334250442
7.3760486570391,-0.794736040110816,0.0111520795695885
7.4559515727754,-0.782199114230422,0.0100249449331463
7.40627767732491,-0.73717815368909,0.00672002049973534
7.38013476202144,-0.739172177070824,0.00826091435899844
7.41370070577822,-0.762285584438706,0.00895238004533568
7.34111326172874,-0.721035170512209,0.00849398743422175
7.3403572895101,-0.69166904733695,0.00680395332412168
7.4459992712979,-0.810372999406698,0.0108998977710785
7.32370882356049,-0.69722584333793,0.00768352618435976
7.42241871413009,-0.764070048826209,0.00771098820577377
7.42312578816578,-0.752573797558595,0.00861828688415594
7.35405674176522,-0.715596643139091,0.00734797359243799
7.39768724682096,-0.730741549063114,0.00656368204632526
7.50929487191953,-0.805821179317026,0.00781074919272434
7.26531872170019,-0.584382810218386,0
7.3717353259882,-0.7509587166024,0.00997710358903697
7.30721533085436,-0.710164595317435,0.00942615566851771
7.29925323590976,-0.720856942508689,0.00874756686098458
7.40772063170971,-0.775065874725676,0.00999299577553456
7.37448374791086,-0.713307979843856,0.00629070762259003
7.39476136381319,-0.743724894531796,0.0079907742678665
7.36825834889189,-0.705849185055362,0.00688809654800314
7.36671086542744,-0.752672547156158,0.0109902344482842
7.36619532115868,-0.776862716514196,0.0129874104064707
7.42251116313727,-0.751042142811652,0.00709344774367371
7.38320161937639,-0.76357566928574,0.00954132028594952
7.41874829578753,-0.768816499484345,0.00938472332704917
7.31012686753405,-0.706307733758743,0.0072410695079608
7.36904304254144,-0.735989039832564,0.00882049131627554
7.44506126912823,-0.790744480346208,0.00885905662532974
7.41286029418788,-0.760431136414237,0.00749449476515718
7.34040212097848,-0.740779430963326,0.0105882880899852
7.3890912294834,-0.740887300083671,0.00799123668868217
7.41996791288782,-0.75936515936841,0.00929148660216709
7.40070865066685,-0.791597868015823,0.0108963559011652
7.34765047749985,-0.728232921338108,0.00930704632071548
7.42323051897639,-0.714420418889206,0.00400536297759188
7.37343529903135,-0.729796619866541,0.00743958701936809
7.41648089471575,-0.776972462255895,0.00909989437200335
7.3398822943932,-0.691946032220036,0.0075076680319735
7.39638807216654,-0.742074287324514,0.00735888248388213
7.38007627647638,-0.731211933648665,0.00854537837180844
7.4219395424734,-0.760178718277868,0.00779247434207997
7.39761768922463,-0.767502856989118,0.00865772355491364
7.4109081979227,-0.72917890836926,0.00725961944724951
7.35244086743537,-0.696151177484946,0.00591828109894818
7.37685389033639,-0.746891926263089,0.00958790577410547
7.36863093565991,-0.742836550395945,0.00857809777250002
7.34626858576535,-0.704718595880089,0.00835096854408192
7.41601847196152,-0.76541382742139,0.00855031705959842
7.34112016900355,-0.715530453012984,0.00724676407831976
7.3513905222177,-0.717326121507096,0.00751520858063739
7.37858533643034,-0.754380579045464,0.00988517289414959
7.39928776685673,-0.751078747354248,0.00852710036647247
7.36843674556686,-0.766417215235772,0.011723223576353
7.34453373412691,-0.731761296790687,0.00910310016386301
7.45474810473659,-0.771053742143643,0.00972436551849665
7.41798810526278,-0.752586103962768,0.00888817259196201
7.27929701860121,-0.724811623899529,0.0116733058647401
7.40730440152441,-0.745070794070159,0.00892353887206442
7.35538954634279,-0.719033874098828,0.00687072969568573
7.36996411398067,-0.755453238195111,0.0106922191649015
7.3544613568516,-0.744899756510671,0.00948585853017414
7.37963249152658,-0.756258404264633,0.0109022003852639
7.37196823000043,-0.711188163836,0.00803226142750961
7.37558265299132,-0.725700588450924,0.00659533363687941
7.32002935618658,-0.752058542795699,0.0121326377671173
7.39694382329519,-0.749893388774416,0.00971644260412681
7.36627258920683,-0.746804218377785,0.00993336488576352
7.39871377163728,-0.757305922210724,0.00857315034788518
7.32022379993072,-0.728032128657839,0.01090939175267
7.37805297618323,-0.741809041586374,0.00609315715564389
7.4013400005635,-0.737535351768511,0.00635090257138751
7.41920259272585,-0.743405213892528,0.00625225884709868
7.42590769068777,-0.798311557367354,0.010868366030588
7.40128596580893,-0.799978163495583,0.0101891437289222
7.42138754034913,-0.773983552503809,0.00891818840003219
7.4766859495276,-0.787606728578868,0.0086347054053267
7.4348135333506,-0.753854570804609,0.00721359182424345
7.38750088249668,-0.728691973267832,0.00639863991885605
7.36600995996206,-0.756996154213393,0.00988655131951138
7.3184819449075,-0.634828183310217,0
7.42834350481606,-0.760949830900035,0.00813611812250523
7.43101088074675,-0.776605870468539,0.00942012578082977
7.36116708386483,-0.734606987539916,0.00824389855972163
7.40408300188405,-0.784217476293596,0.0119386162035947
7.3796512320541,-0.731690364127391,0.00736104388422303
7.34965119068454,-0.722143901610775,0.00710751558604589
7.36986624473685,-0.707104209907834,0.00630290208859013
7.38008160140641,-0.746427392804536,0.0077318837320827
7.42660378029137,-0.771892845708564,0.00984496536458624
7.35626170970739,-0.732211142706723,0.00765719377509786
7.34772615228098,-0.739543397546486,0.00856162012549017
7.36434115283345,-0.716842936113711,0.00845081592745087
7.40666624024172,-0.773488777801292,0.0103199065364469
7.38960776320813,-0.743972273264617,0.0077593682601988
7.31192835656882,-0.666848428386109,0.00702545577016614
7.44847829978297,-0.790058549175117,0.00916868965853881
7.39122295832269,-0.772685285652703,0.00802122171638506
7.44426359204946,-0.770915716205488,0.00827972839319932
7.38056681786766,-0.752346209632873,0.00758095359876014
7.38559909736621,-0.724862607143523,0.00845593576331813
7.38073505863397,-0.724209012547844,0.00757589968940159
7.36404215909311,-0.738932485538922,0.00892018988638845
7.45073179891256,-0.768127014903995,0.00763515416188519
7.41342091494916,-0.730889149646573,0.00664812075720325
7.42489154782329,-0.744434233541391,0.00587055603734265
7.39849564323133,-0.748869755973705,0.00934345567826393
7.35115571234417,-0.763690419238582,0.0119054059105208
7.38638910522967,-0.732448815669091,0.00582426185451716
7.37581027812183,-0.731321864382674,0.00906817977472079
7.38972489822103,-0.710635795734567,0.00580528857363642
7.43592512690426,-0.788957627689242,0.0100029606808645
7.30510627694746,-0.744737928960168,0.0113605450726069
7.39641387275175,-0.762068048269925,0.00791250364495796
7.35378821879614,-0.699669615787384,0.0075476289356518
7.32657590402943,-0.697624527188935,0.00611437218859937
7.3054209318287,-0.705707115308263,0.00879740281992832
7.40052413317348,-0.736421448179904,0.00734684512123226
7.3734638905644,-0.724009590255326,0.00779837003168469
7.32193270088279,-0.618524180745337,0
7.40027108532912,-0.797951753016882,0.0125110988290782
7.30711589357481,-0.70720518858416,0.00837041509447438
7.33640513901621,-0.699454337188827,0.00766637108336327
7.39264925952006,-0.718341317854908,0.00704820801675368
7.3073134177196,-0.680504657084987,0.00582368054996356
7.38297907769595,-0.752157772861077,0.00827147457825392
7.41790617360874,-0.744986759826029,0.00819574091417872
7.48928882570502,-0.791801935812645,0.00873793265601589
7.33519398036517,-0.716647640275963,0.00949614295384209
7.41585751130919,-0.713692127664607,0.00401396529360236
7.40054127126823,-0.74287772821919,0.00806642677493153
7.35359886228563,-0.747162941821903,0.00760652685432069
7.35975647784952,-0.76119829884397,0.00880481728537335
7.39986297098254,-0.749251069005816,0.00901392635092226
7.4122503554379,-0.752594458291968,0.0068740371610056
7.41117308853039,-0.743930999362663,0.00738543902107899
7.34197640740755,-0.700645908326876,0.00672363245611497
7.34278019908058,-0.774980201782747,0.0122098027251131
7.41704529386366,-0.77353173961079,0.00945526315699864
7.32985964210346,-0.743341002472524,0.0108644092196553
7.36879946845668,-0.705052043558944,0.00532344686343759
7.41705071186319,-0.753080395688012,0.0101188788722429
7.32163578673059,-0.721689886866218,0.00905137858338362
7.4194297885031,-0.73687269745145,0.00655884911767797
7.33488495906968,-0.72783247347275,0.0096677188820548
7.3600055936217,-0.775455454704728,0.0131234762702716
7.37978092641604,-0.727638395760499,0.00703006472093274
7.38715807708631,-0.696993230511915,0.00655541404655009
7.39463973706671,-0.752275306905487,0.010396432260284
7.3372058768513,-0.707562251663262,0.00660825355202856
7.35919328352334,-0.698061185311041,0.00605496641683096
7.31046236603899,-0.72956790828399,0.0100499173686445
7.39963515771388,-0.791156597616451,0.00926978662414284
7.39243737354631,-0.750130679790909,0.00873680958251029
7.42080496105296,-0.753559062820856,0.00843997530239715
7.39682732780682,-0.774312212806108,0.0115023400449171
7.36734742951888,-0.716018109788651,0.00717928060368433
7.3357271801605,-0.701426029189962,0.00759377655547647
7.34464200510751,-0.723827814843032,0.00854818365437004
7.34493043106903,-0.711241137305283,0.00736763962152457
7.40017325815213,-0.723162028320861,0.00730643358013358
7.44369590738987,-0.764844606719664,0.00572310859205749
7.34151007944621,-0.681038746127689,0.00524101091082882
7.36779001614243,-0.733936206125207,0.00922015318023147
7.40039185659091,-0.762889570440386,0.00888371463497597
7.30586685511461,-0.596344707189305,0
7.28954106586762,-0.594997018418077,0
7.38703566692334,-0.733931356886116,0.00855775641249096
7.32577415298277,-0.689532826979781,0.00635021808472065
7.39706539745548,-0.745544845476607,0.00868439439937821
7.45475105338023,-0.832575517031007,0.0147929692184421
7.37512733223389,-0.741847745165374,0.00680542833418476
7.42064566873978,-0.767442770280391,0.00760209759303034
7.38168657781389,-0.748203212174775,0.00812293054081161
7.40810162087792,-0.743210520487251,0.00705462236532669
7.35662301447794,-0.743157108026552,0.0110753336249378
7.41746450541784,-0.754261455699227,0.00729968567518102
7.39595318571484,-0.74979902970381,0.00824524248870016
7.35243292623726,-0.736899785456849,0.0099721401110302
7.32825668463196,-0.75247324785005,0.0128132482971471
7.38383447863529,-0.761469865326921,0.00968081469317478
7.36188131466161,-0.724350188227188,0.00763418055862887
7.43995936876698,-0.729271439415135,0.00489884324381019
7.44413136827263,-0.752059649233898,0.00737266881791371
7.42901810997715,-0.777147355763086,0.0109659776286448
7.34421131018576,-0.718138230744278,0.00719855049496974
7.42211505459366,-0.762135840644701,0.00815680122563452
7.36132020478092,-0.717274592172974,0.00807439263263641
7.32315286576412,-0.741002418595041,0.00819470968907044
7.36960522518385,-0.706834234607096,0.00556028541664244
7.45619471956105,-0.781823619746728,0.00975675609346799
7.35540727839457,-0.732746166059452,0.00840360612889266
7.37918451462642,-0.73159154216215,0.0075122250269323
7.35764141402971,-0.721282141844511,0.00679375565408673
7.37233228486686,-0.7426872482466,0.00646106083273807
7.37967031106604,-0.736059868206942,0.00879731227643329
7.44526474071715,-0.778851048382733,0.00987603443413578
7.38183155811282,-0.718541779194177,0.00655881742879118
7.34219906507614,-0.738130845556066,0.00909136472557535
7.40150979537846,-0.753540645571488,0.0092941260740348
7.42478920143403,-0.76779780899367,0.00826448805548675
7.37358188784042,-0.734222400283183,0.00861397511522604
7.34106240052078,-0.73219810566413,0.00916354539670029
7.39040355090548,-0.752565792059968,0.00745023763980413
7.41466950131071,-0.748529790810982,0.00891415486296239
7.35409549263645,-0.73694053718929,0.00816526384467483
7.38406505898308,-0.745711882587401,0.00790297963144545
7.3151528947853,-0.682117721569839,0.00570787838651764
7.4289692487676,-0.760577190163726,0.00849090894266383
7.41588396329159,-0.719179684915636,0.00591370500315239
7.35865284851851,-0.722557345828065,0.0091543911530124
7.37488494593225,-0.749032799686216,0.00748084146132688
7.38576614994892,-0.74351716439795,0.00841095414587005
7.37647605813086,-0.762872642750667,0.00976059342069461
7.35625802842063,-0.729180190958792,0.00679772475324749
7.36217040749247,-0.756239075177199,0.00994434705123259
7.3683038746973,-0.763011694167725,0.0102094203985845
7.37368312845692,-0.735024432061211,0.00900222033410488
7.32679766156839,-0.740544019840822,0.00928757461624584
7.34283722546929,-0.702249748297921,0.00550905080910169
7.40807093900609,-0.74940041563962,0.00761362955772163
7.39219386205563,-0.733292780728471,0.0055091094006566
7.41150872656068,-0.772530240545908,0.0106659470879702
7.2733429322361,-0.611848949328361,0
7.39337137942859,-0.718000895352301,0.0067131642619436
7.371690392375,-0.723017131771139,0.00733601122689829
7.30511754807013,-0.617227773984412,0
7.37690889339119,-0.752747522629526,0.00790617418569882
7.38679053868109,-0.720222306891089,0.00619534031294264
7.39008354557135,-0.75733751173067,0.0107828585066167
7.37253197831866,-0.742580529798355,0.00885995617311381
7.39162044062243,-0.730285374351236,0.00672820509110968
7.41231267099353,-0.778223752009809,0.00896798873712746
7.41260106435107,-0.789450877327479,0.0100188072252105
7.3988641904616,-0.750258845533497,0.00929760744023697
7.34673576702977,-0.731518282837697,0.00908728011793798
7.41641341355629,-0.751942827923474,0.00761354826415285
7.38742880092317,-0.752873249214087,0.00861768284824183
7.41409438995759,-0.750078290629418,0.00616461681573409
7.37645710207077,-0.71718724485183,0.00646069849336102
7.35457361135294,-0.681695445132275,0.00591062020314846
7.39714639381882,-0.779910014729834,0.0103881436401112
7.34742099108837,-0.734160861425561,0.00740114126132
7.39678536395004,-0.727846514318969,0.00652061187659669
7.3598657570401,-0.705988387373965,0.00577329228177114
7.34902472725242,-0.716680178329388,0.00663371004268741
7.42423699709842,-0.770292694598056,0.00988886160852773
7.38566016449345,-0.750869526776514,0.00785357186824991
7.33796883116222,-0.690918623352744,0.0058571193538462
7.41726113121397,-0.750187692252435,0.00796663678945681
7.35543981367888,-0.678854948621316,0.00473299090714257
7.37063606084178,-0.754429105005088,0.00950607366153393
7.4079996291212,-0.772234720865292,0.0103111112818068
7.37570479174014,-0.772424891066139,0.0104820902133488
7.39643878869359,-0.718523415544665,0.00596895423612064
7.41349634149099,-0.77731141768999,0.0104102495590338
7.39221045339385,-0.754757285971695,0.00770297159427173
7.3689670657455,-0.72102042684021,0.00808081221586303
7.3242800926535,-0.715352135867938,0.0101353988858493
7.43711563159381,-0.764132712708142,0.00801226017493499
7.33915252430963,-0.727266516132466,0.00824834263536054
7.41410004751125,-0.759916358606614,0.00839010039906693
7.40325396618842,-0.759894800130453,0.00943081141267923
7.39151884165146,-0.793866152894788,0.0117762093095093
7.35379579206699,-0.734033844772312,0.0100345929845347
7.41726403260482,-0.778417540689163,0.0103740228230206
7.38932308828329,-0.733743151584295,0.00730847890634587
7.3654719010416,-0.737241811175638,0.0113959149735637
7.36108977518548,-0.787098539437714,0.0142122627347891
7.41506624023613,-0.735552252856578,0.00645618504757882
7.28458358058863,-0.687377510400189,0.00660486202461111
7.36196671335386,-0.744137403425138,0.0089733046198224
7.31600752902414,-0.654911554952223,0.00241824399622816
7.40439764423205,-0.755594752915301,0.00868168092169345
7.38669413730917,-0.737201491336916,0.00747123414820849
7.34492688147478,-0.705108894272139,0.00648410732858807
7.42925030914882,-0.760420990381949,0.00841058818287104
7.4092015566679,-0.740262430079416,0.0071701476451659
7.30253710881009,-0.71463355073847,0.00840316940394731
7.39125636537589,-0.766284100499349,0.0102137431773345
7.41510608022778,-0.724924935306034,0.004700122462164
7.3781024530674,-0.76010650504404,0.0110130958061144
7.36865283893016,-0.7140007206517,0.00634215219732299
7.33955776371041,-0.713471765065442,0.00776898899104585
7.40603318336134,-0.76103984483482,0.00723891149045875
7.44082840373867,-0.738373242451156,0.00715310356897271
7.39021300344416,-0.751460861186581,0.010151610818865
7.32947618197299,-0.717419081843105,0.00880997685187696
7.37761632736742,-0.745863997913678,0.0104437404121124
7.43829546631867,-0.780817135939579,0.0110793077095465
7.38096501389773,-0.753938840688428,0.00933117938986259
7.34010818911211,-0.732686516261355,0.0108157426398635
7.33888636302364,-0.729615754169201,0.00808034974244741
7.31559533800761,-0.714954352374977,0.00791588669846203
7.39126468355823,-0.710675382120316,0.00516592064386259
7.37346863975012,-0.726283620824592,0.00803848622397275
7.37936239088128,-0.743028347949471,0.00960969393287486
7.46893401403247,-0.775108581942885,0.00776335320212157
7.39739825617395,-0.765545548082096,0.00885337427533003
7.42451488484989,-0.768011599935349,0.00934067145181086
7.36931574627847,-0.748726606812125,0.00738092904416285
7.36894538023048,-0.724001647286959,0.00610570074122948
7.40269009020767,-0.717692271875749,0.00747490458123865
7.36449088401182,-0.731273533670569,0.00820517034762078
7.27275734662668,-0.69119212812747,0.00573040200475781
7.48382911608694,-0.772418561332003,0.00739985870421233
7.35736217561244,-0.724247645362141,0.0092017619179632
7.37338307697827,-0.717102117235377,0.00599701263993339
7.34652164616384,-0.683416596815824,0.00490941538333905
7.40614870364398,-0.733472364621754,0.00715444837720712
7.38843455892452,-0.734044145842198,0.00698374960599511
7.36807293831954,-0.75946891179341,0.0100221933314691
7.40975727223927,-0.762893176394634,0.00898539355423521
7.35563362167396,-0.697934648675592,0.00679920993432648
7.41941089361513,-0.75122659720111,0.00760766886535952
7.42264153624427,-0.73850269141853,0.00624674137329774
7.43470650660938,-0.77063986379138,0.00848000345621618
7.48281789166815,-0.767567854483383,0.00691432156263638
7.27732943757637,-0.629698008876636,0
7.41666236341606,-0.756973198467818,0.00706771122434732
7.42148841141414,-0.769014702229581,0.00861700662148348
7.37240691551533,-0.738930757329199,0.00863410213664914
7.34770432073392,-0.712982982752499,0.00849124375541483
7.28371273666887,-0.711375963780171,0.00868980860113403
7.36910367868486,-0.73176826190619,0.00875606950715858
7.38583976010705,-0.738516045016961,0.00881160759014744
7.41895159412397,-0.763625276225709,0.00749863858158424
7.47924820628615,-0.787293114568064,0.00805998380152282
7.43077373944133,-0.808558691910609,0.0116698080022244
7.4330910320397,-0.766220292482546,0.00640888439061432
7.33771379163881,-0.756971204135521,0.0117097823609666
7.3797871548724,-0.729889195848197,0.00798567362768976
7.42022081146819,-0.751380778983354,0.00770109124229389
7.39085445228387,-0.726318613268544,0.00478251724343648
7.45391695470545,-0.778547388002333,0.00885781766359564
7.42431610031085,-0.782796450024765,0.00905043688225569
7.41589872879997,-0.73763171680055,0.00641056644523646
7.36959706977075,-0.741747223585453,0.0110325745978524
7.38600161403783,-0.742827315853818,0.00767721818644908
7.36236269903734,-0.748153148958938,0.00844207545194665
7.34400375880441,-0.727221152855341,0.0105890423080419
7.42898690983744,-0.718081829170528,0.00638880141529773
7.36212838432167,-0.74213584389621,0.00845839272321954
7.4169441965551,-0.77800555191392,0.00916560285636183
7.39528595907048,-0.755593419125997,0.00849676503188071
7.29757368663101,-0.700769314745065,0.00715016186343541
7.39919304947174,-0.763142780665423,0.0107890748742074
7.33132063574398,-0.713011528791536,0.00852486896735967
7.41148524550405,-0.768109620985672,0.00917067593913081
7.43752598619111,-0.80333530600458,0.0102254756096769
7.43067912667596,-0.741159995076268,0.00813361362483869
7.32370919741317,-0.752262892882081,0.0120690334923036
7.43532705979343,-0.746962591221195,0.00868673209354737
7.43260601472691,-0.77965519363945,0.00871738309314141
7.38408368184108,-0.76505254045538,0.00982289925154165
7.40150843099241,-0.768815951785585,0.00975028072442206
7.33759848708242,-0.758752210294361,0.0101720482302917
7.39626493457142,-0.743824374320525,0.0074961621670043
7.44801827785973,-0.781676086108559,0.00895771024310789
7.38645636648401,-0.74180358376646,0.00683804881777959
7.31112823955499,-0.722173602020854,0.0115027925629133
7.30728148167257,-0.646563693911332,0
7.34218087824789,-0.734344413040907,0.00940007766671013
7.43600090994424,-0.776668452038907,0.00903589589120957
7.42400130788396,-0.780897684207484,0.0104034387178042
7.39563239321142,-0.711620302942974,0.00524816096154647
7.32615194492028,-0.725847065200071,0.00883888883280068
7.35398361276143,-0.732890841378611,0.00854539639139253
7.37944413865645,-0.751032509015475,0.00872228535450524
7.41628712047183,-0.778152773623376,0.00940602666722638
7.39917303810206,-0.748603283941117,0.00824206926259236
7.36292867402488,-0.759943903111347,0.00952203029435729
7.30731327954106,-0.711439546345331,0.00926551681002839
7.43304822832488,-0.7472466116994,0.0068315843922863
7.36471072513638,-0.712464791072823,0.00756177218674784
7.44263751451787,-0.793418787089731,0.0101005159304505
7.296142713411,-0.736831460558018,0.0115074194164215
7.3968828107757,-0.770968972330879,0.0102064929743749
7.44031219972158,-0.76894839634229,0.00898857934866035
7.44636845956133,-0.77186155314488,0.00784361048407145
7.40467328862999,-0.710146851195877,0.00573550371812417
7.43037068247692,-0.769305071157429,0.00825924893730238
7.31696908697594,-0.718548491405566,0.00863078565971397
7.39775844886366,-0.732532408173046,0.00747825268003641
7.41213446179924,-0.730181189052125,0.00745336070941644
7.39293385240426,-0.79708549982042,0.0121357834398203
7.40937269691826,-0.750091428097085,0.00674721385950087
7.38813659180778,-0.754080440551651,0.00749154291013182
7.46884125575053,-0.793119938299182,0.0100977887067031
7.31105670310388,-0.707020954174273,0.00776809704509637
7.33957967179567,-0.681659350747042,0.00437958766954959
7.37289391750318,-0.708057070899628,0.00579176740621581
7.37720987204269,-0.733411815710811,0.0093789185692334
7.40751537870902,-0.793787009549769,0.00970536184135407
7.35247522598202,-0.739281625912563,0.0107365019680917
7.40309512819045,-0.781962599673272,0.0115738404090817
7.35629722127678,-0.720882873281234,0.00511887539527239
7.36983389817313,-0.699310719051336,0.00555271721186068
7.36123494137624,-0.718348941609925,0.00647568359811083
7.44836529876617,-0.765710505137473,0.00708417820114728
7.34674275107258,-0.72346644338214,0.0084700156854857
7.36331089861097,-0.751637327555807,0.00884081276298773
7.36817329438299,-0.740409755869373,0.00952152532882918
7.42405347627319,-0.767289911045593,0.00879850290150936
7.41310808293347,-0.772241489381908,0.00839294018321478
7.4037618128892,-0.753902597223262,0.00838115698422477
7.32863797285681,-0.737737010749283,0.00665902019552943
7.42301581576951,-0.742815814047561,0.00656596197321263
7.29074577294221,-0.601857689167975,0
7.39258736958186,-0.763256276598548,0.00942671258120049
7.39737941416258,-0.71528438563731,0.00789166279688393
7.36804826517753,-0.71686539861643,0.00876964754492719
7.33831609439819,-0.716798818948614,0.0080036684152175
7.41807651525708,-0.731766570027345,0.00544950198363669
7.34970291734597,-0.722897876126053,0.0080533264095007
7.31318505020101,-0.721775284867979,0.011093016300034
7.36683590253562,-0.750165763578026,0.00945115909953721
7.41784813885281,-0.755945952055146,0.00864732345294544
7.36513986442604,-0.732648218427889,0.00649087648571489
7.32913923306825,-0.746643751497814,0.0108107116501444
7.34885201343537,-0.736879031138161,0.00848440882659317
7.39281142318701,-0.74575702757291,0.00698320872036619
7.43169292782289,-0.793394576337699,0.00988098286076469
7.38377105515215,-0.718738111871081,0.00621781595876583
7.41610272392403,-0.736884848737278,0.00910194286536448
7.37951626752569,-0.727641314795712,0.00754487214985992
7.36073830959883,-0.750823134753464,0.00916963775293841
7.29684199164171,-0.694441313314165,0.00726567264147319
7.40561012776695,-0.738609471407249,0.00745257841346756
7.30867336198668,-0.704956008839818,0.00854790380447988
7.41371223999764,-0.783398928350847,0.0111366198223602
7.39541386043645,-0.763199624963602,0.00961705434350845
7.40589771048041,-0.756290751029394,0.00906856779096387
7.30537457274742,-0.670805223954299,0.00612019026987155
7.46995396911787,-0.835338520582608,0.0130847009272605
7.44106088754735,-0.767561004397872,0.00903391374548629
7.38082033930508,-0.707383015490769,0.00613477770925838
7.39019109307632,-0.753783664675895,0.00719041834722957
7.30766006768208,-0.700936520688168,0.00867281036441844
7.3732967536292,-0.730114347190245,0.00779990186062604
7.4395230819004,-0.782976592901641,0.00796193686863294
7.3704239866684,-0.723711780000746,0.00621112021033578
7.32104545458545,-0.718234823107048,0.00812313500027483
7.35486774769631,-0.710295116234204,0.00747911869673317
7.40638085020183,-0.726706488168237,0.00648464095315632
7.45848143549643,-0.761781287795138,0.00812293047802205
7.34632906944705,-0.745716245552149,0.00951725771531152
7.33770677363776,-0.72403691656465,0.00938994918265117
7.39510709528187,-0.747579975267663,0.00861366564904197
7.47713270696415,-0.793506452201936,0.00909504161816326
7.49960868838366,-0.786308028623547,0.00713326120080414
7.41746570236933,-0.738700752067833,0.00562922568356392
7.38139735080193,-0.78143646629298,0.0111924573425364
7.43465334220412,-0.776771098964854,0.00923623404811057
7.4481578845833,-0.736405217582525,0.00572845304722562
7.42406222883895,-0.78601040852462,0.00923552668370624
7.43526429766222,-0.761225021434225,0.00799433018201294
7.37407829086101,-0.720574432784041,0.00687414068986647
7.35211968860507,-0.70376606139787,0.00557021838219307
7.39939796744055,-0.760953346829286,0.00963882013864729
7.34075680681326,-0.696425732916461,0.00596945693142619
7.30455440394169,-0.731598521004332,0.0108875103543268
7.35260138936565,-0.753894991472663,0.0106512100559383
7.32658914418989,-0.71760202401429,0.00807326978251971
7.24889905028338,-0.589064333211016,0
7.30976646432492,-0.733517659437623,0.0109981677834647
7.43196932356389,-0.763224669314647,0.00753438132742605
7.30972050630278,-0.720295997673654,0.0110769461584027
7.30873852131641,-0.710616695702389,0.00912694606857032
7.30347140981385,-0.717221072278739,0.00955872522249825
7.38968614429361,-0.76859685053673,0.0100780908144342
7.34706478729879,-0.771486657825016,0.0104184421187561
7.429686483079,-0.767500895671058,0.00879241754901987
7.34182952793679,-0.713709545219112,0.00921910398874849
7.35613688331624,-0.6707272238928,0
7.38337591743922,-0.720271297388359,0.00769619784504011
7.41159550928874,-0.777655314217811,0.00966293278242659
7.41781026317358,-0.777850836375481,0.0108080259022066
7.34582615217791,-0.688320780915683,0.00735123653182341
7.39699270716383,-0.762340298330295,0.0105028165123304
7.32985416829161,-0.685230625595568,0.0050707464286307
7.24061975249375,-0.689424882425594,0.00945915867322839
7.41941185440285,-0.753063218200571,0.00859581661900315
7.30048944797551,-0.707935072376874,0.0104826545904526
7.38610734231983,-0.730502245472575,0.0071226514093291
7.34022613427465,-0.724855464016437,0.00990348215460729
7.42170168794149,-0.770375865058664,0.00901619499266504
7.35814173106618,-0.732297933593926,0.00794834308826834
7.3148723913656,-0.74525066556716,0.0117204736890613
7.42520461013749,-0.799757426536409,0.0104664309645711
7.32004741907904,-0.624314968963062,0
7.32839593392635,-0.690786868758427,0.00691093830493831
7.43850429306105,-0.755322828635893,0.00610359655414908
7.33768267880854,-0.729113128961385,0.008567905150037
7.4431609893613,-0.771947170834355,0.00981879811922544
7.40995219569954,-0.781935804534501,0.0118737926917929
7.36278884126464,-0.733018159031722,0.00845293818903609
7.36740582868007,-0.750727634097375,0.0085685915910786
7.46125368992249,-0.78400706752671,0.00914198107236552
7.31488515652284,-0.733218693138674,0.0121855241541035
7.43144140694032,-0.792313567699277,0.0091781530207542
7.44698316225656,-0.774796689377358,0.00775029933400513
7.37518634227944,-0.774676193003244,0.00927474291310693
7.32709252104485,-0.689008988820186,0.00783000005985093
7.39389586495217,-0.729752131925196,0.00588838867810965
7.52540982013406,-0.833937084182542,0.010605100156242
7.34747541720863,-0.68413766558222,0.00567466623615323
7.38107280906276,-0.736321400103351,0.00875066063886657
7.39166439106665,-0.762926008035247,0.00827779887237029
7.38004423494059,-0.738521002437501,0.00888535751477834
7.37066539322663,-0.738690059733318,0.00814496830943121
7.37918393913012,-0.733151560123112,0.00701811522170609
7.28356940955231,-0.711519987168698,0.00902601914218995
7.39788019064448,-0.72463401135679,0.00596054354103536
7.35249567979225,-0.743843677814553,0.00990853090061814
7.41597606230055,-0.719322005794859,0.00586258692308219
7.36786342034905,-0.769793673507675,0.0122450844798705
7.31446181146371,-0.708200086594678,0.00814561960567453
7.38222829823327,-0.779722087012747,0.0109326699529082
7.4154330272597,-0.80377876455589,0.0136019672347636
7.30900487081203,-0.713921719000932,0.0105314497320623
7.39388739133665,-0.747917587117229,0.00847550351044267
7.39989168163306,-0.752670676701475,0.0091594082149448
7.42372783468383,-0.735941525026694,0.00761750281721826
7.42094022077528,-0.757136734529537,0.00778897495079169
7.35817411569193,-0.742692455921385,0.00859057660566392
7.43810557371042,-0.802430580936769,0.00934768613264414
7.43416280771713,-0.77757681377665,0.00790794042122746
7.39933709507971,-0.785078132704018,0.0110282848069718
7.35992900639637,-0.704470984341006,0.00570571611129718
7.39945542940968,-0.727979312899052,0.00586791519366405
7.3478771954019,-0.729914690069253,0.0101379869314483
7.4058423186965,-0.752997548077461,0.00686193968667368
7.37767768272248,-0.735789830653359,0.00809089782010281
7.37945640001862,-0.635923331076953,0
7.42195244507583,-0.769429710682177,0.00952840648549261
7.36735774980698,-0.760122802463153,0.0105415117116774
7.32680830969652,-0.716807872013581,0.00739663485333269
7.35115460188259,-0.721639694842742,0.00919424421194296
7.36491428911735,-0.708168172897576,0.00706187186708127
7.31012164882206,-0.682261112866718,0.00669643523633046
7.34390650361195,-0.724719884905126,0.00994428019822409
7.40009400654393,-0.739326090788683,0.00590589172256746
7.31731385465786,-0.744243833502529,0.0111073588730584
7.40311123070626,-0.804746166483387,0.0132733503202593
7.4854019889956,-0.749833106975115,0.00615139740547209
7.35056075110259,-0.750211748576257,0.0098497208859856
7.41864302832854,-0.720665576662112,0.00589749128884877
7.29072595305237,-0.706879190180142,0.00931800776356903
7.35335141528245,-0.717041211438246,0.0078071710461068
7.42852687297466,-0.758750986713008,0.00651755775055803
7.39159828573869,-0.755761747369827,0.00985671621729827
7.39021269040998,-0.755045232112578,0.00882002864335015
7.39371917611828,-0.746174829298779,0.00683757353195209
7.32898052483352,-0.707835342904497,0.00796260499263943
7.36884738969954,-0.707618629689935,0.00556951499451106
7.31668244049342,-0.732092072425953,0.0105595218069438
7.41072335844009,-0.772868740727416,0.00942027080815495
7.46216248101417,-0.787717158609741,0.00772657787834821
7.39815165496503,-0.729603643143375,0.00574713562421465
7.30348568367333,-0.72012302702677,0.00993648568341471
7.38876579853953,-0.741071867628142,0.00941660128165133
7.37921817457206,-0.694753701395802,0.00524264535716218
7.32295319606929,-0.697647956311591,0.00771269615838183
7.37682310031801,-0.750122308258971,0.00758624404430211
7.40834637091639,-0.753486174981757,0.00894946054037089
7.36575617148704,-0.751734174100709,0.0101991363404628
7.36830765581908,-0.731805755745036,0.0061450407183914
7.34393029974931,-0.718424283297067,0.00832965994395643
7.42539759768133,-0.719675498729835,0.00524926727803352
7.35857571164209,-0.70344613982898,0.00663255465001031
7.37358969752063,-0.728187549570351,0.00735987883418979
7.46502108467555,-0.804521857776502,0.00991979254072181
7.43639683230421,-0.745793163682096,0.00878285055273315
7.29798715982454,-0.68059730215559,0.00611912021670835
7.38183486865735,-0.730326858730242,0.00793047689452809
7.3302300452571,-0.708510185094367,0.00735981872317088
7.40082594981107,-0.747367623330589,0.00856166343192548
7.33735502807264,-0.698903626907923,0.0053962671860272
7.37658391813182,-0.7388503668739,0.00898413254159117
7.38408959818318,-0.774513161617989,0.0105751876816238
7.39194195870814,-0.754858611595455,0.00871116875939358
7.34149552231422,-0.758299385888873,0.00998447306291913
7.4273995188984,-0.806134704936324,0.0122816529099304
7.40835161080576,-0.709155122627527,0.00474182860469755
7.40214793247619,-0.749786727936793,0.00855452692705138
7.40951267799345,-0.76933141238174,0.0102211762579847
7.44030241366263,-0.739294154780681,0.0046921779392921
7.38323619231165,-0.717595988809552,0.00770791561739024
7.38778021766127,-0.723152207708398,0.00531165999408178
7.39836357476082,-0.756633290703678,0.00785570099066819
7.41084395685828,-0.741317763825886,0.00664895331072812
7.33956445483537,-0.73665682039303,0.00761784665567839
7.40970514672303,-0.761343549017717,0.0103131775125506
7.35148024845981,-0.735975671864904,0.00756105369954557
7.40578963042801,-0.754616929895259,0.00868392549742518
7.30623681154893,-0.709277956597602,0.00840436598073131
7.31839582189821,-0.686974937796078,0.00458230063283897
7.41348246107619,-0.792897006709795,0.0132468208167339
7.40421150377615,-0.728824933936411,0.00804926569677534
7.38648624188118,-0.804674166221229,0.0115169201579183
7.39263014461551,-0.76471789297307,0.00914120476777257
7.41273907941214,-0.770428718462804,0.00889288379680763
7.3942442677845,-0.73048620215924,0.00648173491313946
7.37653332499633,-0.753055631586868,0.0109149494306469
7.35491823393321,-0.755717217255841,0.0104050912627788
7.46352545503731,-0.801361552466216,0.00941028568170608
7.37394515476807,-0.728025573367027,0.00580851067983836
7.3718394789258,-0.754560794843395,0.00963867636105036
7.34919086180841,-0.707780237622609,0.00652528662141048
7.38933975067822,-0.758532999135265,0.00928183277494228
7.34779357855282,-0.729739490924761,0.00818506378476678
7.38919999595398,-0.717341087646355,0.0079058869111317
7.42937650139515,-0.766588502241641,0.0071319686941596
7.38418584892888,-0.713621144103096,0.00571679476555968
7.38458790196108,-0.76004662530643,0.00878910284616715
7.40984003589822,-0.744792014047086,0.00951533464504618
7.37996200130803,-0.756917555658881,0.0103360539067675
7.4530560792733,-0.779485850935185,0.00732117131899091
7.42902707736498,-0.747103934710662,0.00626787672971836
7.38322432367839,-0.723555644626836,0.0069433147089503
7.29884389396283,-0.697785128993832,0.00746043589998713
7.40036646482772,-0.714197292278788,0.00609858514572003
7.4300895674573,-0.777693109463601,0.00942689128078907
7.34548665973471,-0.718421274584083,0.00801304273756859
7.41587361212275,-0.726215730595491,0.00460257930628926
7.35793166218009,-0.73133538058177,0.00698481174784355
7.38093424681184,-0.73969699074464,0.00682055700061047
7.40810256220553,-0.753341690358192,0.0087805491940179
7.42396452397208,-0.784192341285397,0.0115447702871831
7.40022002642121,-0.754285584905359,0.00922649842656777
7.40929245285001,-0.737783383383047,0.00758032539076927
7.29981399218587,-0.709854635583475,0.00711631192391677
7.42309716668118,-0.751331907691061,0.00587001961525323
7.41830324586177,-0.761885743973228,0.00791378579618186
7.3790136797614,-0.760869436505237,0.0114102117011439
7.45961121141416,-0.775453593702082,0.00629268127043949
7.45252503317917,-0.75860809591412,0.00723096658628512
7.36984029812612,-0.734745720122143,0.00755097891926212
7.39316316544541,-0.749378828781836,0.00791069522933466
7.33581681576962,-0.733722793921627,0.00970356883938774
7.34828746361939,-0.737859597729681,0.00891931543296633
7.36644343099047,-0.738170162838332,0.00759411061628575
7.39470022207202,-0.76572715001879,0.0102109823613791
7.37616500009736,-0.764496300557322,0.010446299606086
7.40235306138811,-0.779674379422899,0.0112201477401609
7.39113860831218,-0.709963983474468,0.00564632370837583
7.44837243118511,-0.753799791381288,0.00868657217682441
7.4180530093372,-0.7551081142825,0.00717895992131692
7.3780234668811,-0.721784498391933,0.00788226010050224
7.46284592966977,-0.735351998225161,0.00597359809634208
7.37181009144508,-0.764268969565176,0.0098189912854146
7.3978441920981,-0.797639539628635,0.0126773516685099
7.26570942313646,-0.584182345749095,0
7.40405660021378,-0.6950036323962,0.00480931526908694
7.34047518880586,-0.720535248180077,0.00859276685657974
7.39515314517103,-0.721267883195637,0.00427850214602154
7.47507348200043,-0.809466117357853,0.00857806305477853
7.33072113718549,-0.73480992591649,0.0086806026009398
7.44780372582481,-0.772791289160709,0.0059243919194159
7.40561155028353,-0.751136592273997,0.00884375994855474
7.24551401067781,-0.593769655735316,0
7.26634169575972,-0.671383890504681,0.00722227187232475
7.29074728514782,-0.714509324558626,0.0101869114748154
7.39381555414394,-0.770243597299914,0.0092936740529078
7.43338594294116,-0.765723317566248,0.00871636609360643
7.3438043301763,-0.723558429227797,0.00777657442999481
7.36008321106181,-0.73120022314093,0.00729067675300426
7.39700743093674,-0.718843108568864,0.00392155128776011
7.44275132848328,-0.771395639398859,0.00799368045390019
7.42774347405807,-0.73292570079141,0.00749459135694216
7.44374702574366,-0.7779980202622,0.00813946153348412
7.39519398672765,-0.719303316701955,0.00511055141607828
7.44900694420287,-0.769009278523505,0.00883978848397743
7.40494466513246,-0.778613356365115,0.0105052372295593
7.43311622848901,-0.798050710184317,0.0123336610962528
7.38393749885021,-0.733988855215295,0.0102406522034939
7.3924427971159,-0.773722791262126,0.0126197242145032
7.46493557409874,-0.761168621725025,0.00483337100534121
7.41718120647381,-0.779536524116849,0.0113029250016486
7.33228358284435,-0.698085962095754,0.00799452007266991
7.33903196926745,-0.734672048408376,0.00889132276189879
7.47727697270011,-0.786053169118761,0.00924600452441442
7.43692804601441,-0.785297033859474,0.00951280741167133
7.40920986808132,-0.755091064677502,0.00797873731463125
7.43019836183677,-0.764154940450904,0.00696624418547046
7.27705071646478,-0.676369232445307,0.00794765350506832
7.37610496911642,-0.74127978711422,0.0080229480706377
7.39538273087154,-0.745375588316551,0.00874781206689515
7.4181278810421,-0.784289799099821,0.0103893258965389
7.40570019106884,-0.755116269065826,0.00850864959085336
7.44360167907508,-0.785124884814086,0.00744508502862513
7.35979140612754,-0.723094984880768,0.00740267801729158
7.36645742772114,-0.712355372115084,0.00591851694352041
7.42052952282633,-0.750291844480297,0.00692823533295524
7.44508100643993,-0.725778329498118,0.00682000361985367
7.36701885905029,-0.751290461372036,0.00923673336472285
7.36638167653964,-0.728280019278839,0.00863928644679684
7.47527547726697,-0.78368823712921,0.00838139323070388
7.37480039801082,-0.744281882345253,0.0104407773502248
7.38347467082487,-0.73262982223933,0.00838231185505177
7.26944440432008,-0.700880046111213,0.0101335036570959
7.42783860269536,-0.724495321847066,0.00515737148031843
7.43642192632965,-0.743386693007536,0.00625855155657818
7.39571004132063,-0.753267266240325,0.00700398030986809
7.35598725895806,-0.732197867539847,0.00876636243141482
7.26855659775075,-0.709722215591657,0.00913224636385557
7.34246776196462,-0.703080701460634,0.00697873369698742
7.40213799089417,-0.777374885861529,0.0110776664820136
7.29433172275527,-0.668324558952538,0.00710431156153352
7.38507661877341,-0.744938943395251,0.00745563966702331
7.41241001118319,-0.724846005533862,0.0080437700014594
7.29655862643026,-0.688592310158334,0.00896327774829436
7.4242857606712,-0.789358967273407,0.0128719439401264
7.41342726774102,-0.755811703170394,0.0100871683518941
7.31590491834416,-0.638147404988625,0
7.40003291682211,-0.793189870320757,0.0121682719948188
7.31313666339352,-0.687480048237709,0.00628645709526724
7.43299705807129,-0.778462800744769,0.00943694688386497
7.37104981366456,-0.758998219519525,0.010986243116249
7.31693397016795,-0.711051725349363,0.00855759338931291
7.34033832496715,-0.725821169065876,0.00699575446930469
7.34922093078096,-0.699098728712983,0.00682466498458691
7.41996324660287,-0.723337166289215,0.0048896073725121
7.35387193507324,-0.747017376036198,0.0111484731501357
7.40331227912478,-0.739209665913019,0.00890307730897507
7.37991709191766,-0.727158186651052,0.00694915935599027
7.40263076243233,-0.730255693479244,0.00664850584463239
7.39571845506158,-0.746647626168564,0.00874014521105962
7.38340656054372,-0.719607714583763,0.00674422661385477
7.33675259718594,-0.694687815294396,0.0076118985997647
7.39267625381021,-0.765228890281452,0.00873825382967671
7.3660013588758,-0.7525441450218,0.00994193378993104
7.37826272486395,-0.704645943209393,0.00555148683352952
7.37699900601094,-0.745171575544981,0.00876722648821583
7.42036933787042,-0.755302311872275,0.00779457842585453
7.36182028237465,-0.728388057500236,0.0086600948555801
7.43641673506778,-0.772188883435159,0.00874844791492586
7.28555115501772,-0.704134863372874,0.00686748146352009
7.27707570103758,-0.676036857897857,0.0062435008363852
7.42723753071375,-0.794773985476125,0.0112435113768534
7.40945166052763,-0.715842303603638,0.00485055291047362
7.34105804962185,-0.729012716596016,0.00942941599463462
7.28540059751951,-0.659388108813096,0.00613561171503834
7.41061275887674,-0.756688415574709,0.00834632883675456
7.38010765257454,-0.747276095143041,0.00838435077322952
7.41522073846287,-0.798845885982588,0.0100343160042209
7.33196532115386,-0.758219567875271,0.0111171786805813
7.42584664628249,-0.804598014618278,0.015060833899825
7.34551780943014,-0.736522727920543,0.0103048711819859
7.40046127569869,-0.763130691556911,0.00882545028764801
7.3474302695141,-0.742677073547386,0.0104366917567955
7.28822954367161,-0.700277679296679,0.00780501575609887
7.3957095141302,-0.739308182044751,0.00761499666085411
7.45598363534217,-0.7869319493026,0.00995064879368401
7.38018541555032,-0.728897520754336,0.00633810988495275
7.37744751430715,-0.728304473553377,0.00952695098030419
7.34669707712968,-0.741455118476388,0.00919350988947959
7.37394314946495,-0.761867363222606,0.00782986364434224
7.46479928460621,-0.76210890341099,0.00836664054177011
7.46769742826075,-0.788751456805637,0.00857752098834102
7.40320013300517,-0.752751869342914,0.00742009682354303
7.40244953434516,-0.755769675963753,0.00962386585238129
7.3400160000881,-0.726373168884109,0.0089751283527219
7.36377381754095,-0.75154956503274,0.00875128425829464
7.36727840465049,-0.750729293006244,0.00906633445422987
7.36480791966671,-0.724685115798759,0.00584882321995863
7.32304912727583,-0.726996435512652,0.0103969760832552
7.29981206636014,-0.623853728942699,0
7.31254813404131,-0.759531984320897,0.0125508139437495
7.40796147687404,-0.748035681575173,0.00838737356124305
7.32342610821393,-0.709455274743449,0.00915157829839079
7.46003923855748,-0.810807858800172,0.00995999726896028
7.31444783738746,-0.755996220428072,0.0140382039713003
7.37656813089878,-0.744235871237163,0.0085360539516684
7.38940147300001,-0.716804413980133,0.00613565808896395
7.42166792735497,-0.741987901921899,0.00898954682088915
7.34578975812152,-0.735575427169648,0.00699056114281942
7.3903070617037,-0.71612597526359,0.00525881556472915
7.36689908455807,-0.743231240512099,0.00887265547335692
7.39561716235666,-0.780320842081685,0.00787113738511506
7.42635377729522,-0.7968254046888,0.0112813688168861
7.28640838110848,-0.758372419753917,0.0124496578568475
7.41635205397681,-0.764642777272163,0.00776478182464741
7.37058411721784,-0.777812593148345,0.010361834128267
7.36836189543156,-0.711015992824496,0.00631711160241609
7.38315163710625,-0.732864163298989,0.00810394281085222
7.26373312392423,-0.626872686120542,0
7.45525608859825,-0.762167224137421,0.00770392832211878
7.33957106541042,-0.742193643631583,0.00955961137681507
7.35040706847451,-0.724721550480187,0.00729627271631621
7.45088467078424,-0.797891320462151,0.0078590022855768
7.32459217227817,-0.616563398844599,0
7.39341588075625,-0.745186196741494,0.00904556092298186
7.39850793795033,-0.747658574849293,0.00820850346597969
7.39548036425547,-0.733084719109354,0.00742685286789227
7.38854259566337,-0.73455895190843,0.00836109311179276
7.44302685789634,-0.741000402935371,0.00610006675370191
7.36184319304791,-0.761937653990967,0.0098798572523393
7.39882492284472,-0.705135838019005,0.00565424302238892
7.36212129149772,-0.706935308652426,0.0070477338728122
7.40201394524283,-0.749524663489006,0.0089520003564122
7.4038158131262,-0.75555772650564,0.00842010605278055
7.33922377035311,-0.712390832411802,0.00764743407261456
7.32618125059548,-0.739167665218197,0.0107823854098936
7.42313648573187,-0.74516158968156,0.00904555728494539
7.39594943346632,-0.728188583528145,0.0100472980804958
7.24308675713373,-0.67379520370697,0.00743859700056748
7.37236580972399,-0.73674041242362,0.0083384165965278
7.4114730850009,-0.750238224206494,0.00958371925994813
7.48712340532825,-0.79511409622471,0.0092712946219867
7.36526074784949,-0.739151808909559,0.00906108282395978
7.352229294738,-0.719596182039215,0.00846221173860926
7.3344395985178,-0.742173878559565,0.00868346152083785
7.46123042287827,-0.781172982919147,0.0081404622120124
7.44091417907478,-0.754816196147018,0.00680677882500435
7.37135112972381,-0.771505395823332,0.0129106568147478
7.36489041503139,-0.736821061845281,0.00904486732985214
7.31265444716241,-0.731547319358622,0.009682476706438
7.48142125504599,-0.783770869932986,0.00888405089329444
7.40439336796823,-0.734691519983922,0.00523836693830258
7.39801275876441,-0.740826173148595,0.007122983088311
7.39384621796979,-0.739794686820769,0.00767232958385556
7.34328800745424,-0.704213455957331,0.00479324275662341
7.32633358809524,-0.711448668720916,0.00856322752193002
7.46145746095358,-0.796717966312163,0.0101146875380647
7.38867495641311,-0.753849952464649,0.00958756571735833
7.40584248214051,-0.745882625090381,0.00757866101790637
7.3993201782908,-0.772364741480196,0.0100478397758056
7.38836080257335,-0.748302415305068,0.00931344847049926
7.42634324251386,-0.757549446766146,0.00706557687581653
7.38932181682896,-0.774499967816047,0.00983091623911572
7.38590204048623,-0.742994463204719,0.00814539673727251
7.36208607478997,-0.751177945107574,0.010641447495925
7.26404605504299,-0.694469963835181,0.0089946519064281
7.35647338983479,-0.722979025900478,0.00702489788606565
7.33768768735452,-0.707305773737037,0.0095305269133775
7.40208501034247,-0.75125283041536,0.00979976871282378
7.35894076604623,-0.735645114609516,0.00916124156369781
7.42633149395545,-0.744355726314205,0.00600211067206211
7.40918274624285,-0.756804410945439,0.00950236807046176
7.38132125243311,-0.744433699086305,0.00863614042068931
7.40040965276716,-0.764411728118269,0.0110060236614263
7.39124507640003,-0.727769973097933,0.00518296254582717
7.38703723172134,-0.728796154109069,0.00712867289224814
7.36952922632591,-0.757433496955978,0.00866200428681765
7.42062766633893,-0.738417299270481,0.00718296983651603
7.39034449331209,-0.772074872613472,0.0115890268529674
7.36728617349465,-0.750323754768152,0.00871866715020119
7.28829961398336,-0.714948592606967,0.0107312816802929
7.39261072661964,-0.784107412510289,0.0105739732783818
7.37101367376863,-0.713335526688061,0.00507044691751497
7.42998594636626,-0.735790009591816,0.00915631873301262
7.36404469599598,-0.705772117346248,0.00597574368608879
7.35500442740136,-0.701678260141876,0.00692107464496391
7.38412405591759,-0.753168855557629,0.00911745599431496
7.32165986710076,-0.678468837726869,0.00581861353803748
7.39398292015364,-0.726992588337328,0.00772571960604565
7.35756508214281,-0.707105306565946,0.0066758056136431
7.41559689484759,-0.7699941675831,0.00899247493202381
7.46392317880497,-0.762566916250346,0.00672461804876557
7.37666824628228,-0.737910149981882,0.00750423522523106
7.39268768682901,-0.737686204349681,0.00999462337839107
7.43873785679618,-0.770804361494028,0.0092682134761852
7.35898445141589,-0.746531422393958,0.0103877254342807
7.38194356896629,-0.729111709963413,0.00748361381279803
7.30914155360352,-0.718453439715596,0.00828673902257078
7.4344056812175,-0.825846477949362,0.0133406956819192
7.37228885515028,-0.713642383775075,0.00702778562510151
7.42516268335625,-0.753418241158979,0.0092877346269442
7.40093916689899,-0.71652269834838,0.00481562062475953
7.36763882843585,-0.747130378022755,0.00908169773573752
7.34052371988707,-0.734098761325014,0.00914404442470755
7.36015769453276,-0.73440219363138,0.00923431315653438
7.43300924560351,-0.752221411447034,0.00814000825269888
7.35531663119963,-0.674320762928227,0.00592395805638936
7.4005192088346,-0.735508169835945,0.00747853460182796
7.36476068215692,-0.736192040256954,0.00917508483265943
7.37792007332566,-0.735104623955881,0.00750893408588751
7.40777211862937,-0.758240051380396,0.00709635897863606
7.4061597897594,-0.780753269601282,0.00948929099730531
7.37935483768655,-0.769046345984698,0.00986088510404397
7.34381632234718,-0.720058977123385,0.00904026730279565
7.3779400500253,-0.75532163733545,0.0107704639622353
7.40448601610526,-0.772679696949617,0.00917133477930311
7.38802360918046,-0.753081490480683,0.00825278175892451
7.32286514692267,-0.693349837157154,0.0067253221600953
7.33434015912673,-0.734185082972649,0.00983940298112941
7.31422688281448,-0.682522639683057,0.0073350663820556
7.41102739431076,-0.779601524783566,0.00987826799735514
7.34327592304805,-0.643963079339711,0
7.45729300706244,-0.789815451582985,0.0074979175594525
7.475129065308,-0.756400025992823,0.00576122477365214
7.30975975080083,-0.673034910031975,0.00561701128930507
7.37185340093348,-0.767702122426973,0.00984520834340753
7.34561562883543,-0.749584932775468,0.0110988300967354
7.36953585730097,-0.72313741300159,0.00808005206972486
7.43007518149414,-0.781950296335368,0.00836362298723864
7.3451275120212,-0.708719508938383,0.00658338181739014
7.32549328803919,-0.706026393105079,0.00822790754877046
7.35653280740047,-0.720544461655687,0.00672987837963184
7.35546266119305,-0.708208627760408,0.00582872176362901
7.41674455127517,-0.771182203450107,0.0110026597203167
7.33842663988894,-0.722770175991018,0.00688852487070919
7.37628930023613,-0.747506603004375,0.00984542790771721
7.39305212437914,-0.745009090331036,0.00914805483648088
7.43470567984951,-0.764172800208134,0.00973165353374147
7.40883406751766,-0.728341380820981,0.00708380351387356
7.32691795197002,-0.75595060237388,0.0111959238967928
7.42978814752968,-0.750964941224851,0.00906059780742891
7.36839236248847,-0.772885240861958,0.0123489513098066
7.39584798973429,-0.763911517403773,0.00876363756988701
7.36600357098171,-0.729152060705776,0.00766036138450748
7.39185533649263,-0.723686443809521,0.00507704928283832
7.42817084691374,-0.763921456030681,0.00911301418876659
7.4127266453893,-0.77258652319766,0.0113459825962717
7.36040842601959,-0.728906637673639,0.00900056179423709
7.40316727500685,-0.771656965512263,0.00974736166763116
7.34595610594428,-0.7508229167222,0.0113747955449125
7.43307182401179,-0.734191439097809,0.00599677911059944
7.40588569179748,-0.724876766900387,0.00744708442845506
7.35214924859012,-0.754752978390678,0.0113039172643653
7.28135564712807,-0.710779527400009,0.00862242038321236
7.36086894001272,-0.75379885998135,0.00974820937748448
7.37887387762177,-0.763597279801399,0.0105965239411942
7.39049982708701,-0.756171840865714,0.00923257005445039
7.40239914236363,-0.749094993090571,0.00826460495247574
7.43543640602032,-0.741493403845021,0.00625613117784883
